https://www.flipkart.com/realme-narzo-60-5g-cosmic-black-128-gb/p/itmb9662c161eea6?pid=MOBGRHT2RYUE4DBZ&lid=LSTMOBGRHT2RYUE4DBZSVSSAL&marketplace=FLIPKART&q=RealmeNarzo60&store=tyy%2F4io&srno=s_1_1&otracker=search&fm=organic&iid=bf4fddea-e113-4b60-bafa-e500122a166a.MOBGRHT2RYUE4DBZ.SEARCH&ppt=None&ppn=None&ssid=mjmdlbhpw00000001745600279002&qH=9e63d45feb857a6a,"realme Narzo 60 5G (Cosmic Black, 128 GB)¬†¬†(8 GB RAM)","‚Çπ19,999",No data,No data,"Product design,camera, performance best but mobile heating and charge stay 24 hours"
https://www.flipkart.com/realme-narzo-60-pro-5g-cosmic-black-128-gb/p/itme1f1bc8268ca5?pid=MOBGRHTXWKHRY6JS&lid=LSTMOBGRHTXWKHRY6JSGMHEQ5&marketplace=FLIPKART&q=RealmeNarzo60&store=tyy%2F4io&srno=s_1_2&otracker=search&fm=organic&iid=bf4fddea-e113-4b60-bafa-e500122a166a.MOBGRHTXWKHRY6JS.SEARCH&ppt=None&ppn=None&ssid=mjmdlbhpw00000001745600279002&qH=9e63d45feb857a6a,"realme Narzo 60 pro 5G (?Cosmic Black, 128 GB)¬†¬†(8 GB RAM)","‚Çπ23,990",No data,No data,"The product is good, I liked it very much"
https://www.flipkart.com/realme-narzo-60-pro-5g-mars-orange-128-gb/p/itme1f1bc8268ca5?pid=MOBGRHUCQDZFXTNC&lid=LSTMOBGRHUCQDZFXTNCPZOWPS&marketplace=FLIPKART&q=RealmeNarzo60&store=tyy%2F4io&srno=s_1_3&otracker=search&fm=organic&iid=bf4fddea-e113-4b60-bafa-e500122a166a.MOBGRHUCQDZFXTNC.SEARCH&ppt=None&ppn=None&ssid=mjmdlbhpw00000001745600279002&qH=9e63d45feb857a6a,"realme Narzo 60 Pro 5G (Mars orange, 128 GB)¬†¬†(8 GB RAM)","‚Çπ24,999",No data,No data,Worst don't
https://www.flipkart.com/spareware-h63-realme-narzo-60-4g-volume-button-flex-cable/p/itmb5b6715aac1cf?pid=MSAH2EGD7NANW5FH&lid=LSTMSAH2EGD7NANW5FHURSKWT&marketplace=FLIPKART&q=RealmeNarzo60&store=tyy%2F4io&srno=s_1_4&otracker=search&fm=organic&iid=bf4fddea-e113-4b60-bafa-e500122a166a.MSAH2EGD7NANW5FH.SEARCH&ppt=None&ppn=None&ssid=mjmdlbhpw00000001745600279002&qH=9e63d45feb857a6a,SPAREWARE H63 Realme Narzo 60 4G Volume Button Flex Cable,‚Çπ492,4,Worth the money,Good performance
https://www.flipkart.com/gadget-glow-edge-tempered-glass-realme-p1-pro-5g-pro-11-plus-narzo-60-uv-curved-screen-protector-easy-installation-kit/p/itm872ca2ce60041?pid=ACCHYCNNHHV8FU8A&lid=LSTACCHYCNNHHV8FU8ASFODEB&marketplace=FLIPKART&q=RealmeNarzo60&store=tyy%2F4io&srno=s_1_5&otracker=search&fm=organic&iid=en_oE_t3VT0EsnNcMj1pBzky-YjRpjxg1856lGZBLXrQXcFOpRlmUrwpDopn2_d4LL6xHGb8lCk572AO7D3BjLIxg%3D%3D&ppt=None&ppn=None&ssid=mjmdlbhpw00000001745600279002&qH=9e63d45feb857a6a,"Gadget Glow Edge To Edge Tempered Glass for Realme P1 Pro 5G, Realme P1 Pro, Realme 11 Pro Plus 5G, Realme 11 Pro 5G, Realme Narzo 60 Pro 5G, UV Curved Screen Protector with Easy Installation Kit¬†¬†(Pack of 1)",‚Çπ300,5,Best in the market!,"Very beautiful,just looking like a wow ü§©"
https://www.flipkart.com/maxboost-tempered-glass-guard-realme-narzo-60-pro-advanced-uv-screen-protector-installation-kit/p/itme5e6810dbbe1b?pid=ACCGVJPFYGYEFQTM&lid=LSTACCGVJPFYGYEFQTM6TVQBB&marketplace=FLIPKART&q=RealmeNarzo60&store=tyy%2F4io&srno=s_1_6&otracker=search&fm=organic&iid=en_oE_t3VT0EsnNcMj1pBzky-YjRpjxg1856lGZBLXrQXcrCjXm31-6uXL_cAdtk2ZSdhkVAj98YNmb45B_mwcbZw%3D%3D&ppt=None&ppn=None&ssid=mjmdlbhpw00000001745600279002&qH=9e63d45feb857a6a,Maxboost Tempered Glass Guard for Realme Narzo 60 Pro Advanced UV Screen Protector Guard with Installation Kit¬†¬†(Pack of 1),‚Çπ329,5,Awesome,Good product üëçüëçüëç
https://www.flipkart.com/jpmobilecases-screen-guard-realme-narzo-60-5g/p/itmca9f7b556a8ef?pid=ACCGRVHVETDZFRKM&lid=LSTACCGRVHVETDZFRKMO8NKGQ&marketplace=FLIPKART&q=RealmeNarzo60&store=tyy%2F4io&srno=s_1_7&otracker=search&fm=organic&iid=bf4fddea-e113-4b60-bafa-e500122a166a.ACCGRVHVETDZFRKM.SEARCH&ppt=None&ppn=None&ssid=mjmdlbhpw00000001745600279002&qH=9e63d45feb857a6a,jpmobilecases Screen Guard for Realme Narzo 60 5G¬†¬†(Pack of 1),‚Çπ186,4,Value-for-money,Very nice product
https://www.flipkart.com/spritzen-back-screen-guard-realme-narzo-n60/p/itme39dbd41d8800?pid=ACCGSW83F9ZMZVTC&lid=LSTACCGSW83F9ZMZVTCV4HUWW&marketplace=FLIPKART&q=RealmeNarzo60&store=tyy%2F4io&srno=s_1_8&otracker=search&fm=organic&iid=bf4fddea-e113-4b60-bafa-e500122a166a.ACCGSW83F9ZMZVTC.SEARCH&ppt=None&ppn=None&ssid=mjmdlbhpw00000001745600279002&qH=9e63d45feb857a6a,SPRITZEN Back Screen Guard for Realme Narzo N60¬†¬†(Pack of 1),‚Çπ228,5,Terrific purchase,Nice product.......
https://www.flipkart.com/aptivos-front-back-screen-guard-realme-narzo-60/p/itma24cffbc82d17?pid=ACCGTJHGVNQUPFFN&lid=LSTACCGTJHGVNQUPFFNCPSA8Q&marketplace=FLIPKART&q=RealmeNarzo60&store=tyy%2F4io&srno=s_1_9&otracker=search&fm=organic&iid=bf4fddea-e113-4b60-bafa-e500122a166a.ACCGTJHGVNQUPFFN.SEARCH&ppt=None&ppn=None&ssid=mjmdlbhpw00000001745600279002&qH=9e63d45feb857a6a,APTIVOS Front and Back Screen Guard for Realme Narzo 60¬†¬†(Pack of 1),‚Çπ288,3,Good,No product info found
https://www.flipkart.com/finch-front-back-screen-guard-realme-narzo-60-5g/p/itmebac94adfc176?pid=ACCGR9FUYGFCF4RF&lid=LSTACCGR9FUYGFCF4RFGONK6Z&marketplace=FLIPKART&q=RealmeNarzo60&store=tyy%2F4io&srno=s_1_10&otracker=search&fm=organic&iid=bf4fddea-e113-4b60-bafa-e500122a166a.ACCGR9FUYGFCF4RF.SEARCH&ppt=None&ppn=None&ssid=mjmdlbhpw00000001745600279002&qH=9e63d45feb857a6a,FINCH Front and Back Screen Guard for REALME NARZO 60 5G¬†¬†(Pack of 3),‚Çπ157,5,Good choice,It was broken when I received order üò≠No return option also very bad productIt is too bad not worth for price waste of money üí∞
https://www.flipkart.com/maxboost-tempered-glass-guard-realme-narzo-60-pro-advanced-uv-screen-protector-installation-kit/p/itme5e6810dbbe1b?pid=ACCGVJPGHFF7FEH9&lid=LSTACCGVJPGHFF7FEH9IXTYRB&marketplace=FLIPKART&q=RealmeNarzo60&store=tyy%2F4io&srno=s_1_11&otracker=search&fm=organic&iid=en_oE_t3VT0EsnNcMj1pBzky-YjRpjxg1856lGZBLXrQXfNJtun2c_JRkTH5AfKMgzPGggRFfSFpzzC06RA_fiz4g%3D%3D&ppt=None&ppn=None&ssid=mjmdlbhpw00000001745600279002&qH=9e63d45feb857a6a,Maxboost Tempered Glass Guard for Realme Narzo 60 Pro Advanced UV Screen Protector Guard with Installation Kit¬†¬†(Pack of 2),‚Çπ599,3,Good,Such a very nice mobile in this range Camera quality is so good and display is such a amazing I like this product üíì
https://www.flipkart.com/gadget-glow-edge-tempered-glass-realme-11-pro-5g-plus-narzo-60/p/itm0098e22ac7d17?pid=ACCGS7VAHMPFU7FC&lid=LSTACCGS7VAHMPFU7FC1HLWSI&marketplace=FLIPKART&q=RealmeNarzo60&store=tyy%2F4io&srno=s_1_12&otracker=search&fm=organic&iid=en_oE_t3VT0EsnNcMj1pBzky-YjRpjxg1856lGZBLXrQXdOEdJ2pYecKeiAKDlBiMgfrkSCRkmmlidK9WtQ-klyCw%3D%3D&ppt=None&ppn=None&ssid=mjmdlbhpw00000001745600279002&qH=9e63d45feb857a6a,"Gadget Glow Edge To Edge Tempered Glass for Realme 11 Pro 5G, Realme 11 Pro + 5G, Realme 11 Pro Plus 5G, Realme Narzo 60 Pro 5G, Realme 11 Pro¬†¬†(Pack of 1)",‚Çπ299,5,Awesome,Good mobile
https://www.flipkart.com/olonga-front-back-screen-guard-realme-narzo-60-5g/p/itmab040f29fa6df?pid=ACCGR9FS9HTHYUBX&lid=LSTACCGR9FS9HTHYUBXXUPXDJ&marketplace=FLIPKART&q=RealmeNarzo60&store=tyy%2F4io&srno=s_1_13&otracker=search&fm=organic&iid=bf4fddea-e113-4b60-bafa-e500122a166a.ACCGR9FS9HTHYUBX.SEARCH&ppt=None&ppn=None&ssid=mjmdlbhpw00000001745600279002&qH=9e63d45feb857a6a,Olonga Front and Back Screen Guard for REALME NARZO 60 5G¬†¬†(Pack of 3),‚Çπ210,5,Super!,Good phoneGood camera üì∏
https://www.flipkart.com/olonga-front-back-screen-guard-realme-narzo-60-5g/p/itmab040f29fa6df?pid=ACCGR9FSUJ9GQBM7&lid=LSTACCGR9FSUJ9GQBM7EE4J2Q&marketplace=FLIPKART&q=RealmeNarzo60&store=tyy%2F4io&srno=s_1_14&otracker=search&fm=organic&iid=bf4fddea-e113-4b60-bafa-e500122a166a.ACCGR9FSUJ9GQBM7.SEARCH&ppt=None&ppn=None&ssid=mjmdlbhpw00000001745600279002&qH=9e63d45feb857a6a,Olonga Front and Back Screen Guard for REALME NARZO 60 5G¬†¬†(Pack of 3),‚Çπ210,No data,No data,Good product at this price range üëç
https://www.flipkart.com/olonga-front-back-screen-guard-realme-narzo-60-5g/p/itmab040f29fa6df?pid=ACCGR9FS7WYUWCVR&lid=LSTACCGR9FS7WYUWCVRPZLVVN&marketplace=FLIPKART&q=RealmeNarzo60&store=tyy%2F4io&srno=s_1_15&otracker=search&fm=organic&iid=bf4fddea-e113-4b60-bafa-e500122a166a.ACCGR9FS7WYUWCVR.SEARCH&ppt=None&ppn=None&ssid=mjmdlbhpw00000001745600279002&qH=9e63d45feb857a6a,Olonga Front and Back Screen Guard for REALME NARZO 60 5G¬†¬†(Pack of 3),‚Çπ210,No data,No data,Very good mobile super camera in night mode also
https://www.flipkart.com/olonga-front-back-screen-guard-realme-narzo-60-5g/p/itmab040f29fa6df?pid=ACCGR9FSZ78X6P5E&lid=LSTACCGR9FSZ78X6P5ESR2QIS&marketplace=FLIPKART&q=RealmeNarzo60&store=tyy%2F4io&srno=s_1_16&otracker=search&fm=organic&iid=bf4fddea-e113-4b60-bafa-e500122a166a.ACCGR9FSZ78X6P5E.SEARCH&ppt=None&ppn=None&ssid=mjmdlbhpw00000001745600279002&qH=9e63d45feb857a6a,Olonga Front and Back Screen Guard for REALME NARZO 60 5G¬†¬†(Pack of 3),‚Çπ210,No data,No data,"Very good picture....,"
https://www.flipkart.com/olonga-front-back-screen-guard-realme-narzo-60-5g/p/itmab040f29fa6df?pid=ACCGR9FSJJA7UUZM&lid=LSTACCGR9FSJJA7UUZML1FI0U&marketplace=FLIPKART&q=RealmeNarzo60&store=tyy%2F4io&srno=s_1_17&otracker=search&fm=organic&iid=bf4fddea-e113-4b60-bafa-e500122a166a.ACCGR9FSJJA7UUZM.SEARCH&ppt=None&ppn=None&ssid=mjmdlbhpw00000001745600279002&qH=9e63d45feb857a6a,Olonga Front and Back Screen Guard for REALME NARZO 60 5G¬†¬†(Pack of 3),‚Çπ210,1,Very poor,Satisfaction good üëçüòä
https://www.flipkart.com/finch-front-back-screen-guard-realme-narzo-60-5g/p/itmebac94adfc176?pid=ACCGR9FVTVZF62FG&lid=LSTACCGR9FVTVZF62FGWO4GBD&marketplace=FLIPKART&q=RealmeNarzo60&store=tyy%2F4io&srno=s_1_18&otracker=search&fm=organic&iid=bf4fddea-e113-4b60-bafa-e500122a166a.ACCGR9FVTVZF62FG.SEARCH&ppt=None&ppn=None&ssid=mjmdlbhpw00000001745600279002&qH=9e63d45feb857a6a,FINCH Front and Back Screen Guard for REALME NARZO 60 5G¬†¬†(Pack of 3),‚Çπ210,No data,No data,Camera quality is excellent
https://www.flipkart.com/finch-front-back-screen-guard-realme-narzo-60-5g/p/itmebac94adfc176?pid=ACCGR9FVSYXZBHU7&lid=LSTACCGR9FVSYXZBHU7NJRXCA&marketplace=FLIPKART&q=RealmeNarzo60&store=tyy%2F4io&srno=s_1_19&otracker=search&fm=organic&iid=bf4fddea-e113-4b60-bafa-e500122a166a.ACCGR9FVSYXZBHU7.SEARCH&ppt=None&ppn=None&ssid=mjmdlbhpw00000001745600279002&qH=9e63d45feb857a6a,FINCH Front and Back Screen Guard for REALME NARZO 60 5G¬†¬†(Pack of 3),‚Çπ210,No data,No data,It's very good product... all is good no waste of money... üåéüíù
https://www.flipkart.com/finch-front-back-screen-guard-realme-narzo-60-5g/p/itmebac94adfc176?pid=ACCGR9FVGGMNFEDN&lid=LSTACCGR9FVGGMNFEDNYN0GFW&marketplace=FLIPKART&q=RealmeNarzo60&store=tyy%2F4io&srno=s_1_20&otracker=search&fm=organic&iid=bf4fddea-e113-4b60-bafa-e500122a166a.ACCGR9FVGGMNFEDN.SEARCH&ppt=None&ppn=None&ssid=mjmdlbhpw00000001745600279002&qH=9e63d45feb857a6a,FINCH Front and Back Screen Guard for REALME NARZO 60 5G¬†¬†(Pack of 3),‚Çπ210,5,Great product,Nice üëç
https://www.flipkart.com/finch-front-back-screen-guard-realme-narzo-60-5g/p/itmebac94adfc176?pid=ACCGR9FVAZJQDHAX&lid=LSTACCGR9FVAZJQDHAX6O0Z0Q&marketplace=FLIPKART&q=RealmeNarzo60&store=tyy%2F4io&srno=s_1_21&otracker=search&fm=organic&iid=bf4fddea-e113-4b60-bafa-e500122a166a.ACCGR9FVAZJQDHAX.SEARCH&ppt=None&ppn=None&ssid=mjmdlbhpw00000001745600279002&qH=9e63d45feb857a6a,FINCH Front and Back Screen Guard for REALME NARZO 60 5G¬†¬†(Pack of 3),‚Çπ210,5,Mind-blowing purchase,Vary good product üòâ
https://www.flipkart.com/finch-front-back-screen-guard-realme-narzo-60-5g/p/itmebac94adfc176?pid=ACCGR9FVHSHREEHD&lid=LSTACCGR9FVHSHREEHDMHMFJK&marketplace=FLIPKART&q=RealmeNarzo60&store=tyy%2F4io&srno=s_1_22&otracker=search&fm=organic&iid=bf4fddea-e113-4b60-bafa-e500122a166a.ACCGR9FVHSHREEHD.SEARCH&ppt=None&ppn=None&ssid=mjmdlbhpw00000001745600279002&qH=9e63d45feb857a6a,FINCH Front and Back Screen Guard for REALME NARZO 60 5G¬†¬†(Pack of 3),‚Çπ210,No data,No data,Good
https://www.flipkart.com/instyle-tempered-glass-guard-realme-narzo-60/p/itmb8a4ad56ba3f0?pid=ACCGURFGHCBUGFZH&lid=LSTACCGURFGHCBUGFZHBSBOC5&marketplace=FLIPKART&q=RealmeNarzo60&store=tyy%2F4io&srno=s_1_23&otracker=search&fm=organic&iid=bf4fddea-e113-4b60-bafa-e500122a166a.ACCGURFGHCBUGFZH.SEARCH&ppt=None&ppn=None&ssid=mjmdlbhpw00000001745600279002&qH=9e63d45feb857a6a,INSTYLE Tempered Glass Guard for Realme Narzo 60¬†¬†(Pack of 1),‚Çπ239,4,Value-for-money,"Battery backup low, heating problem"
https://www.flipkart.com/fcs-impossible-screen-guard-realme-narzo-60-front-matte/p/itm1459ec45eec3f?pid=ACCGSVUMV4P5TEH5&lid=LSTACCGSVUMV4P5TEH5MDXVIQ&marketplace=FLIPKART&q=RealmeNarzo60&store=tyy%2F4io&srno=s_1_24&otracker=search&fm=organic&iid=bf4fddea-e113-4b60-bafa-e500122a166a.ACCGSVUMV4P5TEH5.SEARCH&ppt=None&ppn=None&ssid=mjmdlbhpw00000001745600279002&qH=9e63d45feb857a6a,FCS Impossible Screen Guard for Realme Narzo 60 Front (Matte)¬†¬†(Pack of 1),‚Çπ163,4,Good choice,It's very bad product and not useful for any device.
