https://www.flipkart.com/boult-crownr-pro-1-43-hd-amoled-bt-calling-zinc-alloy-frame-ip67-spo2-tracking-smartwatch/p/itm7ba6674fba3b4?pid=SMWGQ2R4BBCTHGPZ&lid=LSTSMWGQ2R4BBCTHGPZO3VPAL&marketplace=FLIPKART&q=SamsungGalaxyWatch6&store=ajy%2Fbuh&srno=s_1_1&otracker=search&fm=organic&iid=en_LGd3sgc_mcd6eCIX290rEtWXCfgGv9jL4hBPloXyLtmMo_s_2TPFljVnXNNOjGUkmCR9Rb83TABDaVpF7ciQWPUFjCTyOHoHZs-Z5_PS_w0%3D&ppt=None&ppn=None&ssid=2pb921m25s0000001745601783826&qH=6aaf0d667997e95e,"Boult CrownR Pro 1.43''HD AMOLED, BT Calling, Zinc Alloy Frame, IP67, SpO2 Tracking SmartwatchÂ Â (Silver Strap, Free Size)","â‚¹2,299",4,Delightful,Pros: Excellent Bluetooth calling feature and music listening in watch is awesome user friendly easy to use stylishCons: steps count working so wired it is counting every movement as steps even if we shake our hands for that also it is counting which is worst part in this if they fix this issue with an update then this is the super budget kingAfter lot of waiting and research bought this and not regretted at all since the calling feature impressed me a lotğŸ˜€
https://www.flipkart.com/samsung-galaxy-watch6-classic-lte/p/itm0188047c07b62?pid=SMWGRV9Y6XSJ3XJX&lid=LSTSMWGRV9Y6XSJ3XJXU7CFGL&marketplace=FLIPKART&q=SamsungGalaxyWatch6&store=ajy%2Fbuh&srno=s_1_5&otracker=search&fm=organic&iid=4f5e8c59-a50c-4623-b545-2c8431fbeb2a.SMWGRV9Y6XSJ3XJX.SEARCH&ppt=None&ppn=None&ssid=2pb921m25s0000001745601783826&qH=6aaf0d667997e95e,"SAMSUNG Galaxy Watch6 Classic LTEÂ Â (Silver Strap, 47mm)","â‚¹43,999",4,Nice product,Good product but costly
https://www.flipkart.com/samsung-watch6-lte/p/itm1b6f4e56a10de?pid=SMWGRV9XZQV6UYTM&lid=LSTSMWGRV9XZQV6UYTMGHGJID&marketplace=FLIPKART&q=SamsungGalaxyWatch6&store=ajy%2Fbuh&spotlightTagId=default_BestsellerId_ajy%2Fbuh&srno=s_1_9&otracker=search&fm=organic&iid=4f5e8c59-a50c-4623-b545-2c8431fbeb2a.SMWGRV9XZQV6UYTM.SEARCH&ppt=None&ppn=None&ssid=2pb921m25s0000001745601783826&qH=6aaf0d667997e95e,"SAMSUNG Watch6 LTEÂ Â (Graphite Strap, 44mm)","â‚¹19,999",5,Wonderful,Got it in discount in bbd and its wqy better than i expected
https://www.flipkart.com/samsung-galaxy-watch6-classic-lte/p/itm0188047c07b62?pid=SMWGRV9YWTNNAVA7&lid=LSTSMWGRV9YWTNNAVA7ZYGEUV&marketplace=FLIPKART&q=SamsungGalaxyWatch6&store=ajy%2Fbuh&srno=s_1_13&otracker=search&fm=organic&iid=4f5e8c59-a50c-4623-b545-2c8431fbeb2a.SMWGRV9YWTNNAVA7.SEARCH&ppt=None&ppn=None&ssid=2pb921m25s0000001745601783826&qH=6aaf0d667997e95e,"SAMSUNG Galaxy Watch6 Classic LTEÂ Â (Silver Strap, 43mm)","â‚¹23,495",4,Nice product,Very good quality thank you for filifkad ğŸ’¯ğŸ‘ğŸ‘ğŸ‘ğŸ‘â¤ï¸â¤ï¸â¤ï¸â¤ï¸â¤ï¸ğŸ¥°ğŸ¥°ğŸ¥°ğŸ¥°ğŸ¥°ğŸ˜ğŸ˜ğŸ˜ğŸ˜ğŸ˜ğŸ¥³ğŸ¥³ğŸ¥³ğŸ¥³ğŸ¥³ğŸ˜˜ğŸ˜˜ğŸ˜˜ğŸ˜˜ğŸ˜˜ğŸ¤—ğŸ¤—ğŸ¤—ğŸ¤—ğŸ¤—
https://www.flipkart.com/boult-drift-bt-calling-1-69-hd-display-140-watchfaces-complete-health-monitoring-smartwatch/p/itmc86093ba5f54b?pid=SMWGMH4RUBYE7SHF&lid=LSTSMWGMH4RUBYE7SHFJEOYVO&marketplace=FLIPKART&q=SamsungGalaxyWatch6&store=ajy%2Fbuh&srno=s_1_17&otracker=search&fm=organic&iid=en_LGd3sgc_mcd6eCIX290rEtWXCfgGv9jL4hBPloXyLtnzE6hAOtOJ9FzytGEhYBz_JkJ-xTUP8vJmmnlgDuyewg%3D%3D&ppt=None&ppn=None&ssid=2pb921m25s0000001745601783826&qH=6aaf0d667997e95e,"Boult Drift BT Calling 1.69"" HD Display, 140+ Watchfaces, Complete Health Monitoring SmartwatchÂ Â (Sand Black Strap, Free Size)","â‚¹1,399",5,Awesome,Loved the design and quality of this product.
https://www.flipkart.com/samsung-galaxy-watch6-classic-bluetooth/p/itm04abb8f60bcea?pid=SMWH2KTSCCFTYRHB&lid=LSTSMWH2KTSCCFTYRHBQOK0LI&marketplace=FLIPKART&q=SamsungGalaxyWatch6&store=ajy%2Fbuh&srno=s_1_21&otracker=search&fm=organic&iid=4f5e8c59-a50c-4623-b545-2c8431fbeb2a.SMWH2KTSCCFTYRHB.SEARCH&ppt=None&ppn=None&ssid=2pb921m25s0000001745601783826&qH=6aaf0d667997e95e,"SAMSUNG Galaxy Watch6 Classic BluetoothÂ Â (Black Strap, Regular)",No product info found,4,Classy product,Awesome watch âŒšIt ğŸ‘ğŸ»
https://www.flipkart.com/samsung-watch-active/p/itm8c1158d8abb7d?pid=SMWFHGR7X3DMQHGE&lid=LSTSMWFHGR7X3DMQHGELZGPGG&marketplace=FLIPKART&q=SamsungGalaxyWatch6&store=ajy%2Fbuh&srno=s_1_25&otracker=search&fm=organic&iid=4f5e8c59-a50c-4623-b545-2c8431fbeb2a.SMWFHGR7X3DMQHGE.SEARCH&ppt=None&ppn=None&ssid=2pb921m25s0000001745601783826&qH=6aaf0d667997e95e,"SAMSUNG Watch ActiveÂ Â (Black Strap, Regular)","â‚¹19,990",5,Classy product,i love it
https://www.flipkart.com/comet-busters-screen-guard-samsung-watch-6-44mm/p/itmaf1793f49e3cd?pid=ACCGTG43RCW67B75&lid=LSTACCGTG43RCW67B75VU1QBE&marketplace=FLIPKART&q=SamsungGalaxyWatch6&store=ajy%2Fbuh&srno=s_1_29&otracker=search&fm=organic&iid=4f5e8c59-a50c-4623-b545-2c8431fbeb2a.ACCGTG43RCW67B75.SEARCH&ppt=None&ppn=None&ssid=2pb921m25s0000001745601783826&qH=6aaf0d667997e95e,Comet Busters Screen Guard for Samsung Watch 6 44mmÂ Â (Pack of 1),â‚¹345,5,Decent product,Nice watch
https://www.flipkart.com/daffin-impossible-screen-guard-samsung-galaxy-watch6/p/itm3b0824fec4f7a?pid=ACCGXHEHT9USECRU&lid=LSTACCGXHEHT9USECRUG8S1D4&marketplace=FLIPKART&q=SamsungGalaxyWatch6&store=ajy%2Fbuh&srno=s_1_33&otracker=search&fm=organic&iid=4f5e8c59-a50c-4623-b545-2c8431fbeb2a.ACCGXHEHT9USECRU.SEARCH&ppt=None&ppn=None&ssid=2pb921m25s0000001745601783826&qH=6aaf0d667997e95e,daffin Impossible Screen Guard for Samsung Galaxy Watch6Â Â (Pack of 4),â‚¹171,5,Great product,Second time purchase samsung smart watch.I purchased first time samsung watch 4 but this was just bought smart watch 7 LT.It's design is suprb.Slik and soft in use.Green strap is also too good. I was worried about green colour strap but it's fantastic.Health monitoring app like samsung health monitor is additional features for samsung phone. But it's functioning and health monitoring features is superb. For ECG you should need bp monitor machine additional to perfect and necessary.Watc...
https://www.flipkart.com/daffin-impossible-screen-guard-samsung-galaxy-watch-6/p/itmebab769902a3a?pid=ACCGU4DFVTT6XZEP&lid=LSTACCGU4DFVTT6XZEPCS4FGU&marketplace=FLIPKART&q=SamsungGalaxyWatch6&store=ajy%2Fbuh&srno=s_1_37&otracker=search&fm=organic&iid=4f5e8c59-a50c-4623-b545-2c8431fbeb2a.ACCGU4DFVTT6XZEP.SEARCH&ppt=None&ppn=None&ssid=2pb921m25s0000001745601783826&qH=6aaf0d667997e95e,daffin Impossible Screen Guard for Samsung Galaxy Watch 6Â Â (Pack of 4),â‚¹179,5,Awesome,Worst product..  Please do not buy
