https://www.flipkart.com/zwero-id116-men-women-kids-activity-tracker-smart-band-strap-black/p/itmcc1b6153eb71e?pid=SBNGE4Q3ZMWYJN9X&q=SmartBands&store=ajy%2Fq7p&srno=s_1_1&otracker=search&fm=organic&iid=2e0b79b6-bb59-44f9-8f20-c84aafdddc3a.SBNGE4Q3ZMWYJN9X.SEARCH&ppt=None&ppn=None&ssid=zkroswqj340000001745602159312&qH=5ee8ca5cc87505fe,"Zwero ID116 for Men Women and Kids Activity Tracker Smart Band Strap (Black)¬†¬†(Black Strap, Size : Free Size)",‚Çπ492,1,Not recommended at all,Its very super nice product super
https://www.flipkart.com/hypex-latest-id116-multi-functional-smart-band/p/itm6aff4e94d58ff?pid=SBNGYDTAZSMKBAYZ&lid=LSTSBNGYDTAZSMKBAYZLHO7VW&marketplace=FLIPKART&q=SmartBands&store=ajy%2Fq7p&srno=s_1_2&otracker=search&fm=organic&iid=2e0b79b6-bb59-44f9-8f20-c84aafdddc3a.SBNGYDTAZSMKBAYZ.SEARCH&ppt=None&ppn=None&ssid=zkroswqj340000001745602159312&qH=5ee8ca5cc87505fe,"Hypex Latest ID116 Multi functional Smart band¬†¬†(Black Strap, Size : Free)",‚Çπ464,4,Wonderful,Nice Product im hpy with this üòçü§©
https://www.flipkart.com/ykarn-trades-m4-smart-band-black-color-unisex/p/itmd1200dbfbdf39?pid=SBNGGWTAUHYN8Y5G&lid=LSTSBNGGWTAUHYN8Y5GOLDFMM&marketplace=FLIPKART&q=SmartBands&store=ajy%2Fq7p&srno=s_1_3&otracker=search&fm=organic&iid=2e0b79b6-bb59-44f9-8f20-c84aafdddc3a.SBNGGWTAUHYN8Y5G.SEARCH&ppt=None&ppn=None&ssid=zkroswqj340000001745602159312&qH=5ee8ca5cc87505fe,"Ykarn Trades M4 SMART BAND BLACK COLOR FOR UNISEX¬†¬†(Black Strap, Size : FREE SIZE)",‚Çπ532,5,Worth every penny,Super charging super colitty
https://www.flipkart.com/nkl-smart-116-fitness-band-stylish-bluetooth/p/itm73273b3bdfb0c?pid=SBNG93ZVAREXBK9G&lid=LSTSBNG93ZVAREXBK9GTC0BB5&marketplace=FLIPKART&q=SmartBands&store=ajy%2Fq7p&srno=s_1_4&otracker=search&fm=organic&iid=2e0b79b6-bb59-44f9-8f20-c84aafdddc3a.SBNG93ZVAREXBK9G.SEARCH&ppt=None&ppn=None&ssid=zkroswqj340000001745602159312&qH=5ee8ca5cc87505fe,"NKL Smart 116 Fitness Band Stylish Bluetooth¬†¬†(Black Strap, Size : FREE)",‚Çπ699,5,Wonderful,No charge
https://www.flipkart.com/ykarn-trades-latest-gen-id116-smart-fitness-band/p/itm5a76d33de6f98?pid=SBNG9QX8MSXYT8YS&lid=LSTSBNG9QX8MSXYT8YSWQJXRM&marketplace=FLIPKART&q=SmartBands&store=ajy%2Fq7p&srno=s_1_5&otracker=search&fm=organic&iid=2e0b79b6-bb59-44f9-8f20-c84aafdddc3a.SBNG9QX8MSXYT8YS.SEARCH&ppt=None&ppn=None&ssid=zkroswqj340000001745602159312&qH=5ee8ca5cc87505fe,"Ykarn Trades Latest Gen ID116 smart fitness band¬†¬†(Black Strap, Size : Free size)",‚Çπ464,5,Brilliant,Faltu item don't buy
https://www.flipkart.com/meckwell-multi-faces-bluetooth-smart-band-m7/p/itmadf701dda439a?pid=SBNGHESH6SKGQHY6&lid=LSTSBNGHESH6SKGQHY6KZBOYY&marketplace=FLIPKART&q=SmartBands&store=ajy%2Fq7p&srno=s_1_6&otracker=search&fm=organic&iid=2e0b79b6-bb59-44f9-8f20-c84aafdddc3a.SBNGHESH6SKGQHY6.SEARCH&ppt=None&ppn=None&ssid=zkroswqj340000001745602159312&qH=5ee8ca5cc87505fe,"MECKWELL MULTI FACES BLUETOOTH SMART BAND M7¬†¬†(Black Strap, Size : Free Size)",‚Çπ598,5,Perfect product!,Its awesome on this price
https://www.flipkart.com/glowgreen-cartoon-corecters/p/itmf994b03526413?pid=SBNGHRMERXNRTRBG&lid=LSTSBNGHRMERXNRTRBGQG21AJ&marketplace=FLIPKART&q=SmartBands&store=ajy%2Fq7p&srno=s_1_7&otracker=search&fm=organic&iid=2e0b79b6-bb59-44f9-8f20-c84aafdddc3a.SBNGHRMERXNRTRBG.SEARCH&ppt=None&ppn=None&ssid=zkroswqj340000001745602159312&qH=5ee8ca5cc87505fe,"glowgreen Cartoon corecters¬†¬†(White Grey Strap, Size : Free Size)",‚Çπ294,5,Excellent,To Good üëç from expectation
https://www.flipkart.com/nkl-heart-rate-monitor-activity-tracker-smart-fitness-band/p/itm7c2d203865292?pid=SBNGGZYHJ8WCZNXH&lid=LSTSBNGGZYHJ8WCZNXHJRAIEE&marketplace=FLIPKART&q=SmartBands&store=ajy%2Fq7p&srno=s_1_8&otracker=search&fm=organic&iid=2e0b79b6-bb59-44f9-8f20-c84aafdddc3a.SBNGGZYHJ8WCZNXH.SEARCH&ppt=None&ppn=None&ssid=zkroswqj340000001745602159312&qH=5ee8ca5cc87505fe,"NKL Heart Rate Monitor Activity Tracker Smart Fitness Band¬†¬†(Black Strap, Size : FREE)",‚Çπ607,5,Awesome,Nice watch
https://www.flipkart.com/whoop-4-0-12-month-subscription-wearable-health-fitness-activity-tracker/p/itm66c1a79dc9ab9?pid=SMWH4RS9HQ6HZ4ZR&lid=LSTSMWH4RS9HQ6HZ4ZRPS8FSN&marketplace=FLIPKART&q=SmartBands&store=ajy%2Fq7p&spotlightTagId=default_FkPickId_ajy%2Fq7p&srno=s_1_9&otracker=search&fm=organic&iid=2e0b79b6-bb59-44f9-8f20-c84aafdddc3a.SMWH4RS9HQ6HZ4ZR.SEARCH&ppt=None&ppn=None&ssid=zkroswqj340000001745602159312&qH=5ee8ca5cc87505fe,"WHOOP 4.0 with 12 Month Subscription ÔøΩ Wearable Health, Fitness & Activity Tracker¬†¬†(Black Strap, Size : Adjustable)",No product info found,5,Simply awesome,Ok
https://www.flipkart.com/immutable-49-smart-band-lifestyle-smart-watch/p/itm38e56353d3e7a?pid=SBNG7AD49UHHGU4K&lid=LSTSBNG7AD49UHHGU4KSGDGH3&marketplace=FLIPKART&q=SmartBands&store=ajy%2Fq7p&srno=s_1_10&otracker=search&fm=organic&iid=2e0b79b6-bb59-44f9-8f20-c84aafdddc3a.SBNG7AD49UHHGU4K.SEARCH&ppt=None&ppn=None&ssid=zkroswqj340000001745602159312&qH=5ee8ca5cc87505fe,"IMMUTABLE 49_Smart band,lifestyle Smart watch¬†¬†(Black Strap, Size : FREE SIZE)",‚Çπ599,4,Really Nice,Yes u can buy
https://www.flipkart.com/ddlc-smart-band-wireless-sweatproof-fitness-s6-activity-tracker-blood-pressure/p/itmde3bbf7785301?pid=SBNGSAN7YESKAQ8N&q=SmartBands&store=ajy%2Fq7p&srno=s_1_11&otracker=search&fm=organic&iid=2e0b79b6-bb59-44f9-8f20-c84aafdddc3a.SBNGSAN7YESKAQ8N.SEARCH&ppt=None&ppn=None&ssid=zkroswqj340000001745602159312&qH=5ee8ca5cc87505fe,"DDLC Smart Band Wireless Sweatproof Fitness Band S6 | Activity Tracker Blood Pressure¬†¬†(Black Strap, Size : screen :- 3 cm)",No product info found,5,Worth every penny,Just for only child toy nothing else
https://www.flipkart.com/swachchata-m4-smart-band/p/itm231231f52b618?pid=SBNG69PBXSRFHCDY&lid=LSTSBNG69PBXSRFHCDYANAV5I&marketplace=FLIPKART&q=SmartBands&store=ajy%2Fq7p&spotlightTagId=default_TrendingId_ajy%2Fq7p&srno=s_1_12&otracker=search&fm=organic&iid=2e0b79b6-bb59-44f9-8f20-c84aafdddc3a.SBNG69PBXSRFHCDY.SEARCH&ppt=None&ppn=None&ssid=zkroswqj340000001745602159312&qH=5ee8ca5cc87505fe,"SWACHCHATA M4 SMART BAND¬†¬†(Black Strap, Size : 0.96)",‚Çπ439,No data,No data,Not working
https://www.flipkart.com/immutable-44-smart-band-heart-rate-sensor/p/itm62d41c0e36a0f?pid=SBNG7ACJDNTGQUEA&lid=LSTSBNG7ACJDNTGQUEAJBXX54&marketplace=FLIPKART&q=SmartBands&store=ajy%2Fq7p&srno=s_1_13&otracker=search&fm=organic&iid=2e0b79b6-bb59-44f9-8f20-c84aafdddc3a.SBNG7ACJDNTGQUEA.SEARCH&ppt=None&ppn=None&ssid=zkroswqj340000001745602159312&qH=5ee8ca5cc87505fe,"IMMUTABLE 44_ Smart Band With Heart Rate Sensor¬†¬†(Black Strap, Size : FREE SIZE)",‚Çπ499,No data,No data,I like it
https://www.flipkart.com/immutable-50-best-smart-band-lifestyle-watch/p/itmd1b52558a9ee2?pid=SBNG7AD633UTZBN9&lid=LSTSBNG7AD633UTZBN909AE1J&marketplace=FLIPKART&q=SmartBands&store=ajy%2Fq7p&srno=s_1_14&otracker=search&fm=organic&iid=2e0b79b6-bb59-44f9-8f20-c84aafdddc3a.SBNG7AD633UTZBN9.SEARCH&ppt=None&ppn=None&ssid=zkroswqj340000001745602159312&qH=5ee8ca5cc87505fe,"IMMUTABLE 50_Best Smart band,lifestyle Smart watch¬†¬†(Black Strap, Size : FREE SIZE)",‚Çπ499,No data,No data,Excellent product. Worth of money. üòÉüòÉ
https://www.flipkart.com/v-enterprises-m4-bluetooth-fitness-wrist-smart-band/p/itm26e7a94c04987?pid=SBNG2FCEQQ7AVPE8&q=SmartBands&store=ajy%2Fq7p&srno=s_1_15&otracker=search&fm=organic&iid=2e0b79b6-bb59-44f9-8f20-c84aafdddc3a.SBNG2FCEQQ7AVPE8.SEARCH&ppt=None&ppn=None&ssid=zkroswqj340000001745602159312&qH=5ee8ca5cc87505fe,"V Enterprises M4 Bluetooth Fitness Wrist Smart Band¬†¬†(Black Strap, Size : Standard)",No product info found,1,Utterly Disappointed,It's the best device for your health monitoring Initially you feel the product on ur wrist but as time goes by it the only fitness product you would wear on your body For me I feel whoop band is perfect for my requirement as I don't like to wear digital display products All the above review is based on personal experience after 60 days continues usage .Please make your own decision before buying.
https://www.flipkart.com/kamatassociates-3t-smart-band-m6i/p/itm4f7af6b1b8a90?pid=SBNG7HWYDCMGVARM&q=SmartBands&store=ajy%2Fq7p&srno=s_1_16&otracker=search&fm=organic&iid=2e0b79b6-bb59-44f9-8f20-c84aafdddc3a.SBNG7HWYDCMGVARM.SEARCH&ppt=None&ppn=None&ssid=zkroswqj340000001745602159312&qH=5ee8ca5cc87505fe,No product info found,No product info found,No data,No data,Nice product value for money
https://www.flipkart.com/mclaren-ml-415-m3-digital-smart-band/p/itm9495c61dc5d99?pid=SBNG4NXQWBYEEJRS&lid=LSTSBNG4NXQWBYEEJRSI2B5SV&marketplace=FLIPKART&q=SmartBands&store=ajy%2Fq7p&srno=s_1_17&otracker=search&fm=organic&iid=2e0b79b6-bb59-44f9-8f20-c84aafdddc3a.SBNG4NXQWBYEEJRS.SEARCH&ppt=None&ppn=None&ssid=zkroswqj340000001745602159312&qH=5ee8ca5cc87505fe,"McLaren ML-415 M3 Digital Smart Band¬†¬†(Pink Strap, Size : Free size)",‚Çπ177,No data,No data,No product info found
https://www.flipkart.com/smart-fitness-m4-fitness-sports-band/p/itma21b62b1ce787?pid=SBNGAD9M8PAYWZGG&q=SmartBands&store=ajy%2Fq7p&srno=s_1_18&otracker=search&fm=organic&iid=2e0b79b6-bb59-44f9-8f20-c84aafdddc3a.SBNGAD9M8PAYWZGG.SEARCH&ppt=None&ppn=None&ssid=zkroswqj340000001745602159312&qH=5ee8ca5cc87505fe,"Smart Fitness M4 FITNESS, SPORTS, BAND¬†¬†(Black Strap, Size : FREE)",No product info found,4,Really Nice,Nice product...
https://www.flipkart.com/smart-fitness-m4-band-waterproof-black/p/itmc9245ca794c3b?pid=SBNGAD9MSHFFYTXS&q=SmartBands&store=ajy%2Fq7p&srno=s_1_19&otracker=search&fm=organic&iid=2e0b79b6-bb59-44f9-8f20-c84aafdddc3a.SBNGAD9MSHFFYTXS.SEARCH&ppt=None&ppn=None&ssid=zkroswqj340000001745602159312&qH=5ee8ca5cc87505fe,"Smart Fitness M4 SMART BAND WATERPROOF BLACK¬†¬†(Black Strap, Size : FREE)",No product info found,3,Nice,"Don't buy waste of money, not working after 2 days from the purchase."
https://www.flipkart.com/smart-fitness-m4-band-activity-tracker/p/itm2933defade614?pid=SBNGAD9MSWQR6AUJ&q=SmartBands&store=ajy%2Fq7p&srno=s_1_20&otracker=search&fm=organic&iid=2e0b79b6-bb59-44f9-8f20-c84aafdddc3a.SBNGAD9MSWQR6AUJ.SEARCH&ppt=None&ppn=None&ssid=zkroswqj340000001745602159312&qH=5ee8ca5cc87505fe,"Smart Fitness M4 FITNESS BAND WITH ACTIVITY TRACKER¬†¬†(Black Strap, Size : FREE)",No product info found,3,Good,Good package And good quality
https://www.flipkart.com/smart-fitness-m4-activity-tracker-blood-pressure-band/p/itm387526680b7a2?pid=SBNGAD9MNTYHBCSU&q=SmartBands&store=ajy%2Fq7p&srno=s_1_21&otracker=search&fm=organic&iid=2e0b79b6-bb59-44f9-8f20-c84aafdddc3a.SBNGAD9MNTYHBCSU.SEARCH&ppt=None&ppn=None&ssid=zkroswqj340000001745602159312&qH=5ee8ca5cc87505fe,"Smart Fitness M4 ACTIVITY TRACKER BLOOD PRESSURE BAND¬†¬†(Black Strap, Size : FREE)",No product info found,5,Simply awesome,Very best product
https://www.flipkart.com/smart-fitness-m4-sports-band/p/itmfc3ea20a4cd50?pid=SBNGAD9MQVGUNCHM&q=SmartBands&store=ajy%2Fq7p&srno=s_1_22&otracker=search&fm=organic&iid=2e0b79b6-bb59-44f9-8f20-c84aafdddc3a.SBNGAD9MQVGUNCHM.SEARCH&ppt=None&ppn=None&ssid=zkroswqj340000001745602159312&qH=5ee8ca5cc87505fe,"Smart Fitness M4 SPORTS BAND¬†¬†(Black Strap, Size : FREE)",No product info found,5,Classy product,"The battery cannot be put in this watch, after the battery in it is discharged, this watch is useless."
https://www.flipkart.com/smart-fitness-led-touch-display-band/p/itma591706008625?pid=SBNGAD9MFUQGTGH3&q=SmartBands&store=ajy%2Fq7p&srno=s_1_23&otracker=search&fm=organic&iid=2e0b79b6-bb59-44f9-8f20-c84aafdddc3a.SBNGAD9MFUQGTGH3.SEARCH&ppt=None&ppn=None&ssid=zkroswqj340000001745602159312&qH=5ee8ca5cc87505fe,"Smart Fitness LED TOUCH DISPLAY SMART BAND¬†¬†(Black Strap, Size : FREE)",No product info found,4,Value-for-money,Very excellent products
https://www.flipkart.com/shree-sangarah-m4-smart-band-wireless-sweatproof-v4-0/p/itm88d8bab9642d2?pid=SBNGBUWZ5WMG98XX&q=SmartBands&store=ajy%2Fq7p&srno=s_1_24&otracker=search&fm=organic&iid=2e0b79b6-bb59-44f9-8f20-c84aafdddc3a.SBNGBUWZ5WMG98XX.SEARCH&ppt=None&ppn=None&ssid=zkroswqj340000001745602159312&qH=5ee8ca5cc87505fe,"Shree Sangarah M4 Smart Band Wireless Sweatproof V4.0¬†¬†(Black Strap, Size : FREE SIZE)",No product info found,5,Highly recommended,Best health watch to give you data to get understand your health routine
