https://www.flipkart.com/speeqo-4-pins-magnetic-charger-compatible-fitbit-sense-versa-3-charging-pad/p/itmc7a9eda8c7dbd?pid=CGPGR5TRZAAU4SPM&lid=LSTCGPGR5TRZAAU4SPMAU4XG0&marketplace=FLIPKART&q=FitbitCharge6&store=search.flipkart.com&srno=s_1_1&otracker=search&fm=organic&iid=fdee90a0-cf4f-445a-9abb-b09f25cce74c.CGPGR5TRZAAU4SPM.SEARCH&ppt=None&ppn=None&ssid=2n7frimsdc0000001745601912668&qH=1199d554ef968112,Speeqo 4 Pins Magnetic Charger Compatible For Fitbit Sense and Fitbit Versa 3 Charging Pad,₹286,No data,No data,Product is not working
https://www.flipkart.com/icare-charge-4-charging-cable-pad/p/itme9b290bacf255?pid=CGPG9H5A5MJHBHHH&lid=LSTCGPG9H5A5MJHBHHHNNXEF7&marketplace=FLIPKART&q=FitbitCharge6&store=search.flipkart.com&srno=s_1_5&otracker=search&fm=organic&iid=fdee90a0-cf4f-445a-9abb-b09f25cce74c.CGPG9H5A5MJHBHHH.SEARCH&ppt=None&ppn=None&ssid=2n7frimsdc0000001745601912668&qH=1199d554ef968112,iCare Charge 4 charging cable Charging Pad,₹531,No data,No data,Very bad product
https://www.flipkart.com/cellfather-silicone-replacement-band-strap-fitbit-charge-5-6-models-large-size-smart-watch/p/itm217191990b9f8?pid=SBWGVQAQUGKGYQPK&lid=LSTSBWGVQAQUGKGYQPKRW0KQA&marketplace=FLIPKART&q=FitbitCharge6&store=search.flipkart.com&srno=s_1_9&otracker=search&fm=organic&iid=fdee90a0-cf4f-445a-9abb-b09f25cce74c.SBWGVQAQUGKGYQPK.SEARCH&ppt=None&ppn=None&ssid=2n7frimsdc0000001745601912668&qH=1199d554ef968112,CellFAther Silicone Replacement Band Strap for Fitbit Charge 5/6 Models Large Size Smart Watch Strap  (Black),₹285,5,Classy product,"Damage in 9 days,  one pin is go inside the charger after 9 days."
https://www.flipkart.com/cellfather-silicone-replacement-band-strap-fitbit-charge-5-6-models-large-size-smart-watch/p/itmddf832f698ebf?pid=SBWGVQBMRAUCGDHD&lid=LSTSBWGVQBMRAUCGDHD8KUQLN&marketplace=FLIPKART&q=FitbitCharge6&store=search.flipkart.com&srno=s_1_13&otracker=search&fm=organic&iid=fdee90a0-cf4f-445a-9abb-b09f25cce74c.SBWGVQBMRAUCGDHD.SEARCH&ppt=None&ppn=None&ssid=2n7frimsdc0000001745601912668&qH=1199d554ef968112,CellFAther Silicone Replacement Band Strap for Fitbit Charge 5/6 Models Large Size Smart Watch Strap  (Blue),₹290,No data,No data,Does the job! Go for it!
https://www.flipkart.com/tombik-screen-guard-aw28-fitbit-charge-6/p/itm5ea565312d526?pid=ACCGMKGYQ3QYEJDQ&lid=LSTACCGMKGYQ3QYEJDQA0ZVML&marketplace=FLIPKART&q=FitbitCharge6&store=search.flipkart.com&srno=s_1_17&otracker=search&fm=organic&iid=fdee90a0-cf4f-445a-9abb-b09f25cce74c.ACCGMKGYQ3QYEJDQ.SEARCH&ppt=None&ppn=None&ssid=2n7frimsdc0000001745601912668&qH=1199d554ef968112,tombik Screen Guard for AW28:- Fitbit Charge 6  (Pack of 2),₹162,No data,No data,Ossam running charging for fitbit versa 3
https://www.flipkart.com/wontons-screen-guard-ap30-fitbit-charge-6/p/itm913895c6af278?pid=ACCGMHJCCRQ6SQZ4&q=FitbitCharge6&store=search.flipkart.com&srno=s_1_21&otracker=search&fm=organic&iid=fdee90a0-cf4f-445a-9abb-b09f25cce74c.ACCGMHJCCRQ6SQZ4.SEARCH&ppt=None&ppn=None&ssid=2n7frimsdc0000001745601912668&qH=1199d554ef968112,WONTONS Screen Guard for AP30:- Fitbit Charge 6  (Pack of 1),No product info found,No data,No data,Good
https://www.flipkart.com/olonga-screen-guard-fitbit-charge-4-smart-watch/p/itm1c57b6737106e?pid=ACCGBFVRFHWPE2AW&lid=LSTACCGBFVRFHWPE2AWUPYQGS&marketplace=FLIPKART&q=FitbitCharge6&store=search.flipkart.com&srno=s_1_25&otracker=search&fm=organic&iid=fdee90a0-cf4f-445a-9abb-b09f25cce74c.ACCGBFVRFHWPE2AW.SEARCH&ppt=None&ppn=None&ssid=2n7frimsdc0000001745601912668&qH=1199d554ef968112,Olonga Screen Guard for FITBIT CHARGE 4 SMART WATCH  (Pack of 2),₹182,5,Classy product,No product info found
https://www.flipkart.com/olonga-screen-guard-fitbit-charge-3/p/itmd42f1eea392be?pid=ACCGB4FPR9GW2FM4&lid=LSTACCGB4FPR9GW2FM4VXAX94&marketplace=FLIPKART&q=FitbitCharge6&store=search.flipkart.com&srno=s_1_29&otracker=search&fm=organic&iid=fdee90a0-cf4f-445a-9abb-b09f25cce74c.ACCGB4FPR9GW2FM4.SEARCH&ppt=None&ppn=None&ssid=2n7frimsdc0000001745601912668&qH=1199d554ef968112,Olonga Screen Guard for FITBIT CHARGE 3  (Pack of 2),₹182,No data,No data,Poor quality
https://www.flipkart.com/olonga-screen-guard-fitbit-charge-5/p/itmcdc30c80615ca?pid=ACCGBKMUPAHMF2AK&lid=LSTACCGBKMUPAHMF2AKWH4OW3&marketplace=FLIPKART&q=FitbitCharge6&store=search.flipkart.com&srno=s_1_33&otracker=search&fm=organic&iid=fdee90a0-cf4f-445a-9abb-b09f25cce74c.ACCGBKMUPAHMF2AK.SEARCH&ppt=None&ppn=None&ssid=2n7frimsdc0000001745601912668&qH=1199d554ef968112,Olonga Screen Guard for FITBIT CHARGE 5  (Pack of 2),₹182,1,Did not meet expectations,A little big for smaller wrists but right now it's the only good option on Flipkart
https://www.flipkart.com/olonga-screen-guard-fitbit-charge-4-smart-watch/p/itm8d4e0cc472955?pid=ACCGBFWM3MVNKZVZ&lid=LSTACCGBFWM3MVNKZVZOJVYDZ&marketplace=FLIPKART&q=FitbitCharge6&store=search.flipkart.com&srno=s_1_37&otracker=search&fm=organic&iid=fdee90a0-cf4f-445a-9abb-b09f25cce74c.ACCGBFWM3MVNKZVZ.SEARCH&ppt=None&ppn=None&ssid=2n7frimsdc0000001745601912668&qH=1199d554ef968112,Olonga Screen Guard for FITBIT CHARGE 4 SMART WATCH  (Pack of 2),₹182,1,Worthless,Works very well as original for my Sense Fitbit. Excellent
