https://www.flipkart.com/marq-flipkart-home-google-assistant-smart-speaker/p/itme225a530b7fbf?pid=ATNFZYV8UXTFYBFR&lid=LSTATNFZYV8UXTFYBFRKKMVB1&marketplace=FLIPKART&q=SmartSpeakers&store=0pm%2F0o7&srno=s_1_1&otracker=search&fm=organic&iid=bfb8104f-dd90-4837-a538-dfe60acfc158.ATNFZYV8UXTFYBFR.SEARCH&ppt=None&ppn=None&ssid=k0u7ggr8yo0000001745602550670&qH=89cbcd160a201b6e,MarQ by Flipkart Home with Google Assistant Smart Speaker  (Black),"₹3,319",3,Does the job,One of the best product. Go for it without any doubt
https://www.flipkart.com/alexa-echo-pop-bluetooth-assistant-smart-speaker/p/itm019d11059d7b2?pid=ACCH4N5DVUQN2HKZ&lid=LSTACCH4N5DVUQN2HKZDYD4GJ&marketplace=FLIPKART&q=SmartSpeakers&store=0pm%2F0o7&srno=s_1_5&otracker=search&fm=organic&iid=bfb8104f-dd90-4837-a538-dfe60acfc158.ACCH4N5DVUQN2HKZ.SEARCH&ppt=None&ppn=None&ssid=k0u7ggr8yo0000001745602550670&qH=89cbcd160a201b6e,Alexa Echo Pop| Bluetooth with Alexa Assistant Smart Speaker  (Green),"₹4,499",5,Awesome,Excellent sound quality.... A great Made in India product.... Would have liked it in more color options...worth it's money
https://www.flipkart.com/vanshita-google-alexa-assistant-smart-speaker/p/itm41307f6aaf144?pid=ACCH6WXZFXWUVG7M&lid=LSTACCH6WXZFXWUVG7MSXWU15&marketplace=FLIPKART&q=SmartSpeakers&store=0pm%2F0o7&srno=s_1_9&otracker=search&fm=organic&iid=bfb8104f-dd90-4837-a538-dfe60acfc158.ACCH6WXZFXWUVG7M.SEARCH&ppt=None&ppn=None&ssid=k0u7ggr8yo0000001745602550670&qH=89cbcd160a201b6e,VANSHITA with Google & Alexa Assistant Smart Speaker  (Blue),₹255,2,Could be way better,Speaker is good at this price.
https://www.flipkart.com/alexa-echo-dot-5th-gen-bluetooth-assistant-smart-speaker/p/itm9a342ef093026?pid=ACCH4N5D5DYKVDG9&lid=LSTACCH4N5D5DYKVDG9JM5CNY&marketplace=FLIPKART&q=SmartSpeakers&store=0pm%2F0o7&srno=s_1_13&otracker=search&fm=organic&iid=bfb8104f-dd90-4837-a538-dfe60acfc158.ACCH4N5D5DYKVDG9.SEARCH&ppt=None&ppn=None&ssid=k0u7ggr8yo0000001745602550670&qH=89cbcd160a201b6e,Alexa Echo Dot (5th Gen)| Bluetooth with Alexa Assistant Smart Speaker  (Black),"₹5,499",4,Delightful,Good design and quality
https://www.flipkart.com/vanshita-alexa-assistant-smart-speaker/p/itmcdd6bb4ab2ad3?pid=ACCH664GT46EBRZQ&lid=LSTACCH664GT46EBRZQ65ZK4M&marketplace=FLIPKART&q=SmartSpeakers&store=0pm%2F0o7&srno=s_1_17&otracker=search&fm=organic&iid=bfb8104f-dd90-4837-a538-dfe60acfc158.ACCH664GT46EBRZQ.SEARCH&ppt=None&ppn=None&ssid=k0u7ggr8yo0000001745602550670&qH=89cbcd160a201b6e,VANSHITA with Alexa Assistant Smart Speaker  (Blue),₹269,5,Classy product,Awesome
https://www.flipkart.com/tp-troops-google-assistant-smart-speaker/p/itm205c77996a01c?pid=ACCGS7NAVCJFD2DN&lid=LSTACCGS7NAVCJFD2DNWIDSZS&marketplace=FLIPKART&q=SmartSpeakers&store=0pm%2F0o7&srno=s_1_21&otracker=search&fm=organic&iid=bfb8104f-dd90-4837-a538-dfe60acfc158.ACCGS7NAVCJFD2DN.SEARCH&ppt=None&ppn=None&ssid=k0u7ggr8yo0000001745602550670&qH=89cbcd160a201b6e,TP TROOPS with Google Assistant Smart Speaker  (Black),₹367,5,Just wow!,Adapter is broken on first day. And this adapter is costin 25% cost of this speaker in market.
https://www.flipkart.com/vanshita-siri-assistant-smart-speaker/p/itm3181c71835234?pid=ACCH7ZZRK7X2DYQ8&lid=LSTACCH7ZZRK7X2DYQ8054OX4&marketplace=FLIPKART&q=SmartSpeakers&store=0pm%2F0o7&srno=s_1_25&otracker=search&fm=organic&iid=bfb8104f-dd90-4837-a538-dfe60acfc158.ACCH7ZZRK7X2DYQ8.SEARCH&ppt=None&ppn=None&ssid=k0u7ggr8yo0000001745602550670&qH=89cbcd160a201b6e,VANSHITA with Siri Assistant Smart Speaker  (Purple),₹274,5,Mind-blowing purchase,Perfect working condition thanks for seller and flipkart for best service
https://www.flipkart.com/seashot-google-alexa-siri-assistant-smart-speaker/p/itm7f74b8f3afa7b?pid=ACCH3SBFQEYUYQJN&lid=LSTACCH3SBFQEYUYQJNDKGRC6&marketplace=FLIPKART&q=SmartSpeakers&store=0pm%2F0o7&srno=s_1_29&otracker=search&fm=organic&iid=bfb8104f-dd90-4837-a538-dfe60acfc158.ACCH3SBFQEYUYQJN.SEARCH&ppt=None&ppn=None&ssid=k0u7ggr8yo0000001745602550670&qH=89cbcd160a201b6e,"Seashot with Google, Alexa & Siri Assistant Smart Speaker  (Multicolor)",₹579,5,Brilliant,Installation is very difficult. Also sound is less than as usual.
https://www.flipkart.com/alexa-echo-dot-5th-gen-bluetooth-assistant-smart-speaker/p/itma28a01c546bd6?pid=ACCH4N5DJUGZUAKM&lid=LSTACCH4N5DJUGZUAKMNICNTC&marketplace=FLIPKART&q=SmartSpeakers&store=0pm%2F0o7&srno=s_1_33&otracker=search&fm=organic&iid=bfb8104f-dd90-4837-a538-dfe60acfc158.ACCH4N5DJUGZUAKM.SEARCH&ppt=None&ppn=None&ssid=k0u7ggr8yo0000001745602550670&qH=89cbcd160a201b6e,Alexa Echo Dot (5th Gen)| Bluetooth with Alexa Assistant Smart Speaker  (Blue),No product info found,5,Must buy!,Its price should be slightly less depending on the product.The product is good.
https://www.flipkart.com/seashot-google-alexa-siri-assistant-smart-speaker/p/itm9d104b83923d4?pid=ACCH5P8JSTSBGGSA&lid=LSTACCH5P8JSTSBGGSAIOHRYZ&marketplace=FLIPKART&q=SmartSpeakers&store=0pm%2F0o7&srno=s_1_37&otracker=search&fm=organic&iid=bfb8104f-dd90-4837-a538-dfe60acfc158.ACCH5P8JSTSBGGSA.SEARCH&ppt=None&ppn=None&ssid=k0u7ggr8yo0000001745602550670&qH=89cbcd160a201b6e,"Seashot with Google, Alexa & Siri Assistant Smart Speaker  (BLUE,PURPLE)",₹358,5,Highly recommended,Very good
